
<mods:mods xmlns:xsi="http://www.w3.org/2001/XMLSchema-instance"
 xsi:schemaLocation="http://www.loc.gov/mods/v3 http://www.loc.gov/standards/mods/v3/mods-3-4.xsd"
 xmlns="http://www.loc.gov/mods/v3"
 xmlns:mods="http://www.loc.gov/mods/v3">
  <mods:titleInfo>
    <mods:title>Fr. Lawrence Smith</mods:title>
    <mods:subTitle>taught at SDU</mods:subTitle>
  </mods:titleInfo>
  <typeOfResource>still image</typeOfResource>
  <genre>postcards</genre>
  <genre>portrait</genre>
  <physicalDescription>
    <extent>1 postcard, back</extent>
    <note>inscription on the back of the postcard in pencil.</note>
    </physicalDescription>
  <abstract>Postcard of Fr. Lawrence Smith who taught at Saint Dustans University. Back of postcard.</abstract>
<subject>
  <name type="personal"><namePart type="family">Smith</namePart>
  <namePart type="given">Lawrence</namePart>
  <namePart type="termsOfAddress">Father</namePart>
  </name>
  <occupation>Teacher</occupation>
  <occupation>Priest</occupation>
</subject>
  <subject>
    <name type="corporate">
      <namePart>Saint Dunstans University</namePart>
    </name>
  </subject>
  <subject><topic>Education</topic></subject>
  <subject><topic>Postcards</topic></subject>
</mods:mods>
